Annee_RefT,CA
2018,45963092.979999959
2019,42823023.72999981
2020,36322311.600000031
2021,38978809.550000012
2022,40060441.180000022